,Price,State
0,150.0,2
1,149.99647353286727,2
2,151.04608285843673,2
3,151.27700221375753,2
4,150.93070155686735,1
5,150.54377965730947,1
6,150.42005418797117,1
7,149.67038622262027,1
8,149.31771253666182,0
9,149.75400786907423,2
10,149.39816616999946,2
11,149.84382351519238,2
12,149.52121589314112,2
13,148.31533798111113,2
14,148.21969657230636,2
15,147.99324086479774,2
16,147.8142776424559,1
17,148.47089657641672,1
18,149.01585576386643,1
19,147.33866976287666,1
20,147.1489002422993,0
21,147.32027621731518,0
22,147.37680058352916,0
23,147.49921919713842,0
24,147.38144340229826,0
25,147.8473002450867,1
26,147.0804536163621,1
27,146.9784157067968,0
28,147.4324044046862,0
29,148.47342388316272,1
30,148.71478498875845,1
31,148.4209970958819,1
32,147.40257956742835,1
33,146.63878571753258,1
34,147.08616710574094,1
35,145.9974703792,1
36,143.95355360009637,1
37,144.86329354656593,1
38,144.74005394805158,0
39,144.93448366352172,0
40,143.98449600829252,2
41,144.40470257212002,0
42,143.96964546338077,2
43,143.22168003839303,2
44,142.9962341809246,2
45,142.62447443081905,2
46,142.41879629410246,0
47,142.60495355412598,2
48,142.1839184508639,2
49,142.94800988448128,2
50,142.8785386548592,2
51,142.05529665069295,2
52,142.42581475656596,2
53,142.09153759585652,2
54,142.52832249627852,2
55,142.5984036162321,2
56,142.85830718006076,1
57,141.44612656784776,1
58,141.35721522334086,2
59,141.45667470929686,2
60,141.32131608584092,2
61,141.69889370813303,2
62,142.13484416407962,2
63,142.06950358338915,2
64,142.04629606254701,0
65,142.26649647929912,0
66,142.55502682826892,0
67,143.59608569507026,0
68,143.5760798861178,0
69,143.67268711098157,2
70,143.3121678871959,2
71,144.9534847377364,2
72,145.1826787791748,2
73,146.46175567669718,2
74,146.55771631807528,2
75,146.42929340070515,2
76,146.50698787544954,0
77,147.14279099682525,0
78,145.42330982227415,1
79,144.19978890990083,1
80,146.38124529404877,1
81,146.18961819967254,1
82,146.38588089417257,1
83,144.49496045019293,1
84,141.74969456005616,1
85,140.30289134929149,1
86,140.00453909545803,1
87,137.31933923837116,1
88,137.613625629334,1
89,137.96092606830956,1
90,137.65064504864694,1
91,137.88611064554908,1
92,139.21363021810785,1
93,139.49706755174606,1
94,140.50590874703528,1
95,140.68622961944405,1
96,138.13673795814069,1
97,138.12075381232611,1
98,137.51755769189683,1
99,136.8852625503022,1
100,136.35391169178735,1
101,136.09753455400653,1
102,136.40646306753123,1
103,137.01806152730643,1
104,136.38726877124463,1
105,136.3074307529398,1
106,135.40842683096858,1
107,136.1127127621515,1
108,134.6611711343957,1
109,134.37163541293495,1
110,133.09416589358779,1
111,133.33960050503617,1
112,132.00557675012624,1
113,132.0644213351008,1
114,131.0299847705127,1
115,131.7334384446645,1
116,132.07769893244242,1
117,131.076876611229,2
118,130.39355437500234,2
119,130.25268655303935,2
120,130.50377737481094,2
121,129.33490785456172,2
122,128.94294758799637,2
123,129.35661735858915,1
124,129.26536223163683,1
125,128.8165879393866,1
126,128.67635613668227,1
127,128.68146965336786,0
128,129.33977132416734,0
129,129.18773847702136,0
130,129.71414711807185,0
131,129.97074419966472,0
132,129.83921505568543,0
133,129.85509437870434,2
134,130.35055296172044,2
135,129.20718300998504,2
136,130.05118235778934,1
137,131.27566376254705,1
138,130.87200964246537,1
139,130.44974868314313,1
140,130.5111309953647,1
141,130.99381047404967,1
142,130.79693419058628,1
143,130.150351793912,1
144,130.27594646540064,1
145,131.16221999319262,1
146,131.18609635938392,1
147,130.62138243137332,1
148,129.21393805883022,1
149,129.60626113023045,1
150,128.75899337193997,2
151,129.06067061313672,2
152,129.06659086107106,2
153,129.54214432949874,2
154,129.60903065679616,1
155,128.48412435506143,1
156,127.98171891670675,1
157,129.00828739534188,1
158,128.4186838524471,1
159,128.68892978399032,0
160,128.94304132878744,0
161,129.4837114172996,0
162,129.08763974490125,0
163,129.40057925665235,0
164,129.38221074777283,0
165,128.9678461931598,0
166,129.40381180308285,0
167,129.77101710174938,0
168,129.8401796416434,0
169,130.08734964468215,2
170,129.35534516070857,2
171,129.53057076496216,2
172,129.39437368970405,2
173,128.65005077060655,2
174,128.6764344950211,2
175,129.50855094777756,2
176,129.48483935270613,2
177,129.5092688937401,2
178,129.92457386535537,2
179,129.42770726995678,2
180,129.66003308207573,2
181,130.00903716499386,2
182,130.8121265183819,2
183,131.5101377958053,2
184,131.3985030602052,2
185,132.09311265608392,2
186,133.14259863214252,2
187,133.44464999361583,0
188,133.31708280266838,0
189,132.86556087637163,1
190,132.70419692706213,0
191,132.4462370855965,0
192,133.0720531801562,0
193,133.94698170188659,0
194,134.01832707474622,0
195,134.55379059678916,2
196,134.32773794100024,2
197,133.78095149931664,2
198,134.2333540087055,2
199,134.75408478939974,2
200,134.09149377441526,2
201,134.12023286178885,2
202,134.9253981588043,2
203,134.70487699972034,2
204,135.14439890536875,2
205,134.91890813142336,0
206,136.0143180806269,0
207,136.4034343240339,0
208,136.39632832237766,0
209,136.08696934316242,0
210,136.2965748695276,0
211,136.0269568183851,0
212,135.7353328611864,0
213,136.07403545802748,0
214,136.6876467375868,0
215,137.03532113261295,0
216,136.57826313503747,0
217,136.48643694436018,0
218,136.98841334601173,0
219,136.7501546857365,0
220,136.71657331576654,0
221,136.696982358631,0
222,136.78488347405246,0
223,137.2668034233878,0
224,137.13589233439092,0
225,137.752821707159,0
226,137.8098083521393,0
227,138.43051533367344,0
228,138.29644168713972,0
229,137.7082993481491,0
230,138.24563708499304,0
231,138.4716997298816,0
232,137.78479254576814,1
233,137.9273897213092,1
234,137.91365021509492,1
235,137.44249234241065,0
236,137.4268257590038,0
237,137.13708115433604,2
238,136.62541044202055,2
239,136.92959575065413,2
240,137.14328696143562,1
241,136.25460340980354,1
242,137.74960521486727,1
243,137.5259248182303,1
244,137.93817465257808,2
245,138.2775586512113,2
246,138.0018975353467,2
247,138.34164453731904,2
248,139.5047172422283,2
249,138.4837177089583,1
250,139.16381940695928,1
251,139.4415657190537,1
252,139.04069830091404,1
253,139.14812743539298,1
254,139.24571303906683,1
255,138.94346484258324,1
256,138.78916017759082,0
257,139.28649527481923,2
258,139.61892705143683,2
259,140.15221332295104,2
260,139.68072783684775,2
261,139.36610276763074,2
262,138.92815778941898,2
263,139.01198135345146,2
264,139.492388706663,2
265,139.530319438746,2
266,139.1365830693917,2
267,139.3066068106631,2
268,138.77847945711753,2
269,139.2226984548718,0
270,139.20947552284974,0
271,139.2394994325218,0
272,139.21933266178033,0
273,139.60883305416073,0
274,139.76684793097132,0
275,140.06190480459367,1
276,140.54347888062503,1
277,143.37885924646307,1
278,143.028080759125,1
279,143.3327419183962,0
280,143.17652567811078,0
281,142.64040003314068,1
282,141.93613796001372,1
283,142.2909110484667,1
284,142.52919703290536,1
285,141.4506195628113,1
286,141.47071438483374,2
287,141.2492085117797,2
288,141.1539712972857,1
289,140.74229559523744,1
290,140.33489855326803,1
291,139.9119726245427,1
292,138.99351987616362,1
293,138.38184154064209,1
294,138.7394016733865,1
295,137.54056367330415,1
296,138.4303729205227,1
297,137.45157001711985,1
298,136.69491243947277,1
299,135.9614486824137,1
300,136.6639638464318,1
301,137.9097610021505,1
302,137.65800525922205,1
303,137.0074461366747,1
304,137.3802959889686,2
305,138.20208120735148,2
306,138.25107371231186,2
307,138.3067835781319,2
308,137.6126689328946,2
309,137.02308746114048,2
310,138.47819658698137,2
311,138.24996525346117,2
312,139.00022020645577,2
313,138.2461149602748,2
314,138.24239239652974,2
315,138.26065259313793,0
316,138.8155643862453,2
317,138.94970959888428,2
318,138.05542749157607,2
319,138.74318320121282,2
320,138.35533072962698,2
321,138.36979046382606,2
322,138.6851012829785,2
323,137.8546145018201,2
324,138.6460817196903,2
325,139.46073294945714,2
326,139.74638951504235,2
327,139.5614457006898,0
328,139.46411006632357,0
329,139.61883862239358,0
330,139.48917665354415,0
331,138.28764726439152,2
332,138.13735709130154,2
333,138.4376379712708,2
334,137.76126011644405,2
335,136.14849476459128,2
336,136.34612975907496,2
337,136.50523574925123,2
338,136.09533004022143,2
339,136.0756790701023,2
340,136.42846816010518,2
341,136.33848769477441,0
342,137.04863355634248,0
343,136.82761269443404,2
344,135.63028933017344,1
345,135.38455524358366,1
346,135.04106178955738,1
347,136.67894088242215,1
348,136.16143743352225,1
349,136.93938489930161,0
350,137.29621802751657,0
351,137.50335022411662,0
352,137.84528838332596,0
353,137.6205262958536,0
354,137.1554816268715,0
355,137.23524160352375,0
356,137.27573865361043,0
357,137.217194981341,0
358,137.03761734327242,0
359,137.6787529962181,0
360,137.88149293296107,0
361,137.76003129825813,0
362,137.82045663411597,0
363,137.80599674939654,0
364,137.98641856378816,0
365,137.93354718950172,0
366,138.3382407986699,0
367,139.09842507568305,0
368,138.0991043413975,1
369,137.92108273940468,1
370,137.1951921733048,1
371,137.28553957042445,1
372,137.31739336822392,1
373,137.00623448693895,1
374,137.96027794522445,1
375,136.85511978376886,1
376,137.41459347535678,1
377,136.48592649984306,1
378,136.5454153422573,0
379,136.33488618354195,0
380,134.97850912582552,1
381,134.82982142872257,1
382,135.094279847941,1
383,134.74221041048295,1
384,135.4625731850206,1
385,136.9675064910916,1
386,137.26882529309992,2
387,137.0823319979797,2
388,137.6784721341165,2
389,137.41854930791825,2
390,136.83334610152534,1
391,136.49439596887095,1
392,137.1120821412516,1
393,136.60351206498925,1
394,134.71268885854604,1
395,134.81088323121662,1
396,136.40489898713346,1
397,135.73677729927215,1
398,136.21078519352824,1
399,135.9231130056837,1
400,134.50333218113875,1
401,134.46827269383104,1
402,132.96833712266695,2
403,133.5068101996027,2
404,133.9707194296768,2
405,133.92662575506722,2
406,133.99396042265778,0
407,134.47234198691336,0
408,134.39706445581504,0
409,134.34833224652408,0
410,134.4850110081525,0
411,135.02142567116417,0
412,134.9860849205593,0
413,136.08100485033376,2
414,135.79382658427065,2
415,135.9390888574913,0
416,135.91308123409274,0
417,134.95816231920182,1
418,135.32037371373278,2
419,134.18277289801952,1
420,134.25088971969154,1
421,135.1161502111175,1
422,135.98048768193865,1
423,137.14697801373285,1
424,137.94264955721687,1
425,136.94203248364943,1
426,135.96787637196377,1
427,136.553556211263,1
428,136.6582077022972,1
429,136.42986247018345,1
430,135.31960722431674,1
431,135.47528672747853,1
432,135.80718359757222,2
433,136.58198810166672,2
434,136.33006372098768,1
435,135.77069302136698,1
436,136.01099060846076,2
437,135.6829827456631,2
438,135.91460374461045,2
439,134.92052461380862,1
440,134.99290422158617,1
441,135.12328179330484,0
442,135.34744744005428,0
443,135.52778104031998,0
444,136.4256650443185,0
445,136.53549338385628,0
446,137.1616879760948,2
447,137.04511264155414,0
448,136.82646568875222,0
449,137.43968083406315,0
450,137.58321662958383,2
451,137.1603738422452,2
452,136.76449960776506,2
453,135.0995286110869,1
454,134.1567690154878,1
455,133.93591494894696,1
456,134.68508167309983,1
457,134.8681762682059,1
458,135.16052722647814,1
459,135.2797803472032,0
460,135.89704953911098,0
461,135.982680984744,0
462,136.27268555921137,0
463,136.4778190338525,0
464,137.10132929895306,2
465,136.98881104344105,2
466,136.52921129051774,2
467,135.83696985819637,2
468,136.0139775425721,0
469,136.6015990829367,0
470,136.5883215013009,1
471,135.81423253821976,1
472,135.12711876571322,1
473,135.31267722862526,1
474,135.33470160368603,2
475,134.9705647768821,2
476,134.66441479763927,2
477,133.65216937735622,2
478,134.54601185773447,2
479,134.21172328667436,2
480,134.54759640058805,2
481,134.46690874362852,2
482,134.12614024702535,2
483,134.478598042029,2
484,134.73349981776136,2
485,134.6604076076276,2
486,134.14403909684518,2
487,134.00819920854855,0
488,134.15731133343075,0
489,134.22048266245247,0
490,134.81159774144894,2
491,134.92905075565884,2
492,135.21221949744566,0
493,135.70783935258632,0
494,136.31739184632323,0
495,136.45913182515278,2
496,136.13491811282475,2
497,136.80540474054686,2
498,136.35590264781018,2
499,136.0527314064499,0
500,136.14590118645575,0
501,136.57696088201985,0
502,135.55775810152377,0
503,135.62762931028468,0
504,135.56101006614935,0
505,135.817955119017,0
506,136.04898477133105,2
507,136.1859227261496,2
508,137.05918631618667,2
509,137.69913553344415,1
510,136.92688691680542,1
511,138.38564602010285,1
512,138.1844055942533,2
513,137.62014968167333,2
514,137.3477824017389,2
515,137.95428188397753,2
516,138.23336677593068,2
517,137.80878104221674,2
518,137.47461294905924,2
519,137.49347411902912,2
520,137.4004900779066,2
521,138.32129227398005,2
522,138.1442659569495,2
523,138.15554051429615,1
524,138.37703067058132,1
525,140.05340052243494,1
526,139.73412424284632,1
527,140.07510699993884,2
528,139.68454095948823,1
529,138.62293257768113,1
530,138.3319695491261,1
531,139.48825284008254,1
532,140.67877857622992,1
533,141.24800307606753,1
534,142.3116190184729,1
535,141.1818419517989,1
536,140.45517188821594,1
537,139.5639647221518,1
538,138.86803162632316,1
539,139.1507861883668,1
540,137.22754260674284,1
541,137.87591696205152,1
542,137.9780457097288,1
543,137.64209625515682,1
544,137.6486004994205,0
545,137.63021044626547,0
546,138.2035204567296,0
547,138.36968982504612,0
548,138.4887468328974,0
549,139.20882991847228,0
550,139.7943693620097,2
551,139.74472516221203,2
552,140.04096196464675,0
553,139.41276426858724,1
554,139.24105525223314,0
555,139.7210646617391,0
556,139.67714269256768,0
557,140.36486795764853,0
558,139.66882965148264,1
559,140.65561840357034,1
560,141.98547983094204,1
561,140.3167132431727,1
562,141.3844407107815,1
563,140.65026387518841,1
564,140.1246961114801,1
565,140.57666695034342,1
566,140.30009267034717,1
567,138.46824522428517,1
568,137.8130256405951,1
569,137.70530977981136,1
570,137.52723276549983,2
571,137.4040808158929,2
572,136.32867729705086,2
573,136.86156235232622,1
574,135.98343811501528,1
575,135.71598450482753,1
576,136.5998093114118,1
577,137.21324342249446,1
578,137.17745664944678,0
579,136.39258308156525,0
580,136.24574289217642,0
581,135.9889711794378,2
582,136.2684684530137,0
583,136.72109898265285,0
584,137.11474365911147,0
585,137.94334008107185,0
586,137.50467539463423,2
587,137.26901547316245,0
588,137.1777809059571,0
589,136.65099535868893,1
590,136.6451351224929,1
591,137.00972935983333,1
592,138.285297491822,1
593,138.56456752891972,1
594,139.63872554537957,1
595,140.40255166164272,1
596,140.49030302215112,1
597,140.12709246100158,1
598,139.8234473207553,1
599,139.73754561345538,0
600,140.06415310636456,0
601,140.21627941948722,0
602,140.59349190288705,1
603,140.04061246964037,2
604,139.66633558200004,2
605,140.0595780534461,2
606,139.99573791829667,2
607,140.32633439236997,0
608,140.42102039601096,0
609,140.9389595693376,0
610,140.0059104016814,1
611,140.04273010241363,1
612,140.9003198687234,1
613,142.1674126920299,1
614,142.11205379297553,0
615,142.66303394157003,0
616,142.4416208742752,0
617,142.06767471665478,2
618,142.60999906465213,2
619,142.5099700397256,2
620,141.73665511868464,2
621,141.64830118715082,2
622,142.37808524796512,2
623,141.1050663203861,2
624,141.03222156626157,2
625,141.72801399575962,1
626,141.2999340319171,0
627,141.36166617274475,2
628,140.79354483257694,2
629,140.62353106750183,2
630,140.89916069398635,2
631,140.11876827150164,2
632,140.02604797488203,2
633,140.1077533957248,0
634,140.7353937654486,0
635,140.75065503206307,0
636,140.89018066521814,0
637,141.31690189325673,0
638,141.13144748400876,0
639,141.0714087081622,0
640,141.24249201696819,0
641,141.76414312897165,0
642,141.85584517056014,0
643,141.71187165598224,0
644,142.0582537161436,2
645,142.21538342801227,0
646,141.98144992795488,0
647,142.28474352042306,2
648,141.6957786233756,2
649,141.83156899626576,2
650,141.22026501008335,2
651,141.70515737995632,2
652,141.66706448224227,2
653,142.05014376720155,2
654,141.175171899552,2
655,141.52182415200954,2
656,141.02986106628717,0
657,140.3930010109469,0
658,140.5070930183088,0
659,140.54183157054968,2
660,140.90948201542037,2
661,140.65909881206676,2
662,141.04811700906487,2
663,141.21345347045292,2
664,140.11800250967116,2
665,140.8548187568068,2
666,140.489527487799,2
667,140.4867954634857,2
668,140.63950689550737,2
669,141.3542935152861,2
670,140.56274964691153,2
671,139.18564941536303,1
672,140.38979481338382,1
673,140.4692691125541,1
674,140.54810592585883,1
675,140.53694203260272,1
676,140.5584127458316,2
677,140.09407602957418,2
678,140.62709052762128,2
679,140.54306103249934,2
680,140.8663858501117,2
681,140.4791105339186,2
682,140.40541921427206,2
683,141.0883112972871,2
684,141.38983651801576,2
685,141.6957126043802,2
686,141.33001078795294,2
687,141.961379436248,2
688,142.1416011604712,0
689,141.76712797469006,0
690,141.9298689704828,0
691,141.02344245587685,0
692,141.24290320314086,0
693,140.82966266090577,0
694,140.9207733171793,0
695,140.8604130842971,0
696,141.30435532773876,0
697,141.59445027700815,0
698,141.40241595598772,1
699,140.5680010441717,1
700,140.49310517647538,1
701,140.88722695391928,0
702,141.26372190224978,0
703,141.5556808330822,1
704,139.59203034146816,1
705,138.64856400320048,1
706,139.42661509734182,1
707,138.28619064812239,1
708,138.42311206349768,2
709,138.39226670343555,0
710,138.8903021352755,0
711,138.20738248758641,0
712,138.50271458960236,0
713,138.7569836258008,0
714,138.70250448195537,0
715,139.10175160063494,0
716,138.721902564799,0
717,138.2135876117375,0
718,138.0391558420832,0
719,137.61712953576242,0
720,136.9256905740823,0
721,136.49503612211967,2
722,135.9375349976879,2
723,135.9188682102966,2
724,135.59805393395175,2
725,136.33782653284598,2
726,137.97452912454062,1
727,138.5684458505843,1
728,138.69047931038838,1
729,136.94895982880487,1
730,135.89779621769918,1
731,136.3558606301671,1
732,136.8166608850199,2
733,136.45459343835947,1
734,136.33939145333343,1
735,137.03503053417666,1
736,136.80430025328877,1
737,136.90566176756084,2
738,136.7769381215023,2
739,137.267675879686,2
740,137.21704654946535,2
741,137.6281352832816,2
742,136.969201908118,2
743,136.3752744389531,2
744,136.18340282149197,2
745,136.7914882557,2
746,136.7053161988955,2
747,135.60793317213577,2
748,135.5079331174917,2
749,135.48850595575186,0
750,135.64679754085026,1
751,135.76786686298726,0
752,136.19666791952804,0
753,136.03384964950388,0
754,135.60034889122682,0
755,135.66872860227073,0
756,135.89797184641048,0
757,135.93682690977897,0
758,135.69369816106283,0
759,135.73580609555563,2
760,135.38437899783418,1
761,135.43827195782282,1
762,135.58633153520378,0
763,135.7672706847199,0
764,135.62867398642277,2
765,135.93714567850398,0
766,136.01415879444912,0
767,135.70354804356668,0
768,135.68278758033568,0
769,135.81366496976472,0
770,135.87279382042672,0
771,136.0683487941758,2
772,135.90331604087893,2
773,137.25238223124197,2
774,136.97281753222893,2
775,136.91042980776135,2
776,137.48367709553878,2
777,137.01423926824816,2
778,137.64967180488387,2
779,137.90638561814228,2
780,138.4396286975189,0
781,138.9328318764147,0
782,139.614079004769,0
783,139.46808492500958,0
784,139.2761988645533,0
785,139.63936300062758,0
786,139.56805619628145,0
787,140.08814103227616,0
788,140.3130170573815,0
789,140.30255795601684,0
790,140.51243513048865,0
791,140.24266090826777,0
792,139.92818772393417,0
793,139.06421898018013,0
794,139.00956486698732,0
795,139.8007537827505,0
796,139.51940627571034,0
797,139.62709179603604,0
798,139.76539846883293,0
799,139.56374996841524,0
800,139.44260185537144,0
801,139.46508455526484,0
802,139.31036536816396,1
803,138.97778403931423,1
804,139.13792611058446,1
805,139.70195382422028,1
806,139.36752717843802,1
807,140.9063719267916,1
808,140.46631521473478,1
809,140.0034276810515,1
810,139.71017476130987,1
811,139.93557313512667,1
812,140.68460232876598,1
813,140.7705320304523,1
814,140.29204420094416,1
815,140.8968042555993,0
816,141.01327533958727,0
817,141.03313272727644,0
818,141.4115077740318,0
819,141.90281497100503,0
820,142.74713049752768,1
821,141.66466441384225,1
822,141.44985267405954,0
823,140.95011955661334,0
824,140.91992801557527,0
825,140.72661371168152,0
826,140.87732004980901,0
827,138.99596965529838,1
828,140.37335034221573,1
829,140.1913197193283,2
830,139.99520054674898,2
831,139.65143318000602,2
832,139.57163220343767,1
833,139.0345489756704,1
834,137.93724825483338,1
835,137.70674553157582,1
836,136.25570233251446,1
837,136.6232795311718,1
838,136.3078452549818,1
839,136.57609905913168,1
840,136.7855080003306,1
841,137.56052620574604,1
842,137.03372773297505,1
843,135.5265730633683,1
844,135.07373059146494,1
845,134.63161271910963,1
846,135.15150747495554,2
847,135.1122854318179,0
848,135.4314073481704,0
849,135.94241358086634,0
850,136.475872756997,0
851,135.70317422227922,0
852,135.29244738265328,0
853,135.0951919278841,0
854,136.42906444537655,1
855,136.34720280670942,1
856,134.47461575703363,1
857,135.8631706245918,1
858,136.38662482063992,0
859,136.39375736269886,0
860,135.94167362032945,0
861,135.90569760374646,0
862,135.7660200623696,0
863,135.83050654558903,1
864,134.38521748138004,1
865,133.70638853904057,1
866,133.56424275628487,0
867,133.70327996926778,0
868,134.5236438019504,0
869,135.41787389961488,0
870,135.98040731153608,0
871,136.37684549903457,0
872,137.04491260529156,0
873,137.12479028521534,2
874,137.75156436564095,2
875,138.5758921276066,2
876,139.73435968429442,2
877,138.94948334467875,2
878,138.41648855770453,2
879,138.59017361030087,2
880,139.52493413193093,2
881,138.96389407393482,2
882,139.78313195533048,2
883,139.45919868374335,2
884,139.6637243514941,0
885,139.88776138579163,0
886,140.92300062665183,0
887,140.93273886464894,0
888,140.70998338946524,0
889,140.81825271725305,1
890,142.08541178896002,1
891,142.2453525327882,1
892,142.83055810986755,1
893,142.59189223691507,1
894,142.17564867431753,1
895,141.56295277708782,1
896,141.41005966870253,1
897,141.95315886782387,1
898,142.77632523173762,2
899,142.59113720788704,2
900,142.44718484552024,2
901,142.73610522725096,2
902,142.02902074236624,2
903,141.8434137820492,0
904,141.38220294444534,0
905,142.08956879950458,2
906,143.0480424438958,2
907,143.0435390172169,2
908,143.2667624863959,2
909,143.35875749917832,0
910,143.16971331429173,0
911,143.11820222061175,0
912,144.07833661111005,1
913,143.49405846526156,1
914,143.51358734433606,1
915,143.3420097724398,2
916,143.8583598193035,2
917,144.09370906440552,2
918,144.93246935957512,2
919,145.1142448481345,2
920,145.94167351509265,2
921,144.61705772940775,2
922,144.57757735844544,2
923,145.03304221142415,2
924,145.49324798072428,2
925,144.71174937194073,1
926,143.88626563626798,1
927,144.5913267935666,2
928,144.48593908801604,2
929,144.7796490827452,2
930,144.3487339654988,2
931,145.31640543710296,2
932,145.1808934080605,0
933,146.36902717717334,2
934,145.76439171213485,2
935,145.90055916207066,2
936,145.042441111286,2
937,145.5696262974234,1
938,146.02457216153383,1
939,144.19295619822847,1
940,143.34663776592143,1
941,143.57534117621205,1
942,143.88641483052206,1
943,143.3123248056662,1
944,142.6504776641662,1
945,142.79082769278946,2
946,142.50717439637822,2
947,142.65087516918527,1
948,142.1754042031172,1
949,142.02459729600318,1
950,142.34296478626962,1
951,142.12914923675706,1
952,141.62663122502394,2
953,142.28714552535902,2
954,142.53390527246796,2
955,143.11002264785787,2
956,142.88982425130197,2
957,143.1774485777816,2
958,142.5399689821891,2
959,142.04626223024096,2
960,141.8857005638407,0
961,141.79166141528614,0
962,141.6712617763948,1
963,143.3955291075702,1
964,143.11815156159756,1
965,143.01794946225291,1
966,142.3620007827245,1
967,143.01613117885586,1
968,143.9463194354209,1
969,145.90026752699055,1
970,145.214190293719,1
971,144.5711305770772,1
972,143.39359216021882,1
973,144.49336365171223,1
974,146.06246272946169,1
975,145.90821631018093,1
976,144.7241584562975,1
977,144.69882422419155,1
978,141.57037422484456,1
979,143.07077219548077,1
980,142.14451964094775,1
981,143.103751956671,1
982,142.91239121338316,2
983,142.5819906365086,1
984,142.57910103787643,0
985,142.77908898487888,0
986,143.52018280569422,0
987,144.21765812415168,0
988,144.8238601104675,0
989,145.2546066677687,0
990,145.51811453011982,0
991,145.98857368435657,0
992,144.7247903601785,2
993,144.56726036114952,2
994,143.47802810876135,2
995,143.1512704641369,0
996,143.2843474629546,0
997,143.91223218952854,0
998,144.1054293475329,0
999,143.88578101916292,0
1000,143.59401524852737,0
1001,143.84878904105886,0
1002,144.32699647999905,1
1003,144.46960512427933,1
1004,144.34223113508378,0
1005,144.93933794338074,2
1006,144.64867751336752,2
1007,145.3987459658718,2
1008,144.0678807944646,1
1009,144.59849698165584,2
1010,144.85428903347565,2
1011,144.52373219850327,2
1012,146.4783824304903,1
1013,146.52062452694167,0
1014,146.27805840177217,1
1015,146.57092256341753,1
1016,146.99161390341817,1
1017,145.1924996693244,1
1018,144.9675556716382,0
1019,144.9265153608077,0
1020,144.82818670679342,0
1021,145.69092908529424,0
1022,144.83249934314566,0
1023,145.2942075071386,0
1024,144.87033503947603,0
1025,144.94837815662737,0
1026,145.02962121038058,1
1027,144.0300868568436,1
1028,144.0473547099633,1
1029,144.09293491023118,1
1030,144.572900448471,1
1031,143.30726108217058,1
1032,143.07851003945385,1
1033,142.98711402713263,2
1034,142.92386732955293,2
1035,142.65236633901088,2
1036,142.27150712089042,2
1037,142.6345171060026,2
1038,143.02880792894302,2
1039,142.65393856973003,2
1040,143.46245543632173,2
1041,143.85645952580867,2
1042,144.0793800578932,0
1043,143.96279135866882,0
1044,143.7214693173407,0
1045,143.46521625025895,0
1046,144.00110767242376,0
1047,143.47620191182847,0
1048,143.95138942984505,0
1049,144.5675789796761,0
1050,144.4685790451016,1
1051,144.55912862277566,0
1052,144.48972747616807,0
1053,143.87649717671346,2
1054,144.2436672705379,2
1055,144.49431536033214,2
1056,145.05691687251507,1
1057,145.93253219505272,1
1058,146.02589757505586,1
1059,146.71881508121302,1
1060,146.95628078446654,1
1061,147.0416384698803,2
1062,147.6140392442338,2
1063,147.7015182345931,2
1064,148.22477251597988,2
1065,147.60740562590735,2
1066,147.06285830601848,2
1067,147.07725854396367,2
1068,145.85598226944714,1
1069,146.18703225139106,1
1070,146.8609214733806,1
1071,145.80556063649252,1
1072,147.4908629576702,1
1073,149.34371420801511,1
1074,148.2156244123235,1
1075,147.99755902273944,0
1076,147.8440632875925,0
1077,147.84484147149072,0
1078,147.62082910452898,0
1079,148.05559876414185,0
1080,148.49691122276872,2
1081,149.62744823340137,2
1082,150.4983100573428,2
1083,149.91543579395073,2
1084,149.5259788960911,0
1085,150.39580941823874,1
1086,150.65349356416775,0
1087,151.674295604566,0
1088,150.9850709562908,0
1089,151.1625519500141,0
1090,151.37179982136087,1
1091,151.53173193228722,1
1092,151.5780121342501,1
1093,153.0389322497004,1
1094,153.1369461287034,2
1095,153.74238547366994,2
1096,153.5573552977799,1
1097,153.0262195723437,1
1098,152.50060763034378,1
1099,152.87293974074979,1
1100,154.7481712786977,1
1101,155.39016736303336,1
1102,155.23275437768137,1
1103,157.14604293895903,1
1104,157.38581644246725,1
1105,157.14008652050828,1
1106,157.11365089602813,1
1107,157.98497097366382,1
1108,158.18579359846203,1
1109,157.78702240698235,0
1110,157.7720634933388,0
1111,158.3549774143112,0
1112,159.22311435098771,0
1113,160.15355686849932,0
1114,160.3967091699654,0
1115,160.91423725161087,0
1116,161.66908249525912,0
1117,161.59271110618312,0
1118,161.61221725761777,2
1119,161.48647116086926,2
1120,161.75609232591674,2
1121,161.30390052784043,2
1122,161.19119799137175,2
1123,160.68936646562892,2
1124,161.82664352621876,2
1125,161.1126430390013,2
1126,161.4768224445379,2
1127,161.29969377457368,2
1128,161.60445562896302,2
1129,162.9885785445325,2
1130,162.56777363678088,1
1131,161.49570126088597,1
1132,162.37834329839143,1
1133,162.0102298371154,1
1134,162.38215890747205,1
1135,163.16757660919183,2
1136,163.2969684232458,2
1137,162.5560118597579,2
1138,163.65508813544383,2
1139,162.64946724591306,2
1140,162.03477037077957,2
1141,162.4814573588237,0
1142,162.73215920655565,0
1143,163.24976210663536,0
1144,163.90059990099616,0
1145,163.9443905863372,0
1146,163.96710481876408,2
1147,164.4328915356607,2
1148,164.12607057876514,2
1149,164.34075380684098,2
1150,163.42586885773002,2
1151,163.52369485478584,2
1152,164.42764795045233,2
1153,164.09206657120575,2
1154,163.84693693409133,2
1155,163.59894806831866,2
1156,163.14338976198616,2
1157,162.63038330173154,2
1158,163.42326899454136,2
1159,163.67561756670295,2
1160,163.6459902533816,2
1161,163.42693498239498,2
1162,164.2186872847629,2
1163,163.7252856183679,2
1164,164.64906310292227,0
1165,164.98327683415235,2
1166,164.95224604792773,2
1167,164.1994652288801,2
1168,164.86438816037492,2
1169,165.9881675168973,2
1170,165.78828637038703,2
1171,166.47658028097064,2
1172,166.7781270170307,2
1173,166.93635366758346,2
1174,167.27585697800893,2
1175,166.1991907437795,1
1176,167.41675825996893,1
1177,166.93949858539347,1
1178,167.30500234100194,2
1179,166.96552478931517,2
1180,166.88329604284806,2
1181,167.2577599597389,2
1182,167.55018021238197,0
1183,167.97440419621486,0
1184,168.29374062764663,0
1185,168.0584485697681,0
1186,168.3692893169198,0
1187,168.11154935114402,0
1188,168.31777817861774,0
1189,168.30828687551121,0
1190,169.574197899443,1
1191,168.66822714450382,1
1192,169.38136463469738,1
1193,168.61800275937372,1
1194,168.88021188652456,1
1195,168.40421717714634,2
1196,169.1355546660172,2
1197,169.64060863527786,2
1198,170.02771489782205,2
1199,172.22937741141766,2
1200,173.1271520045246,2
1201,172.5659098232017,2
1202,173.36997251031434,2
1203,173.5033457150098,2
1204,174.32902612194644,1
1205,173.58797548699005,1
1206,173.1864179908427,0
1207,173.70562014884487,0
1208,173.90415159761798,0
1209,173.47458149677266,0
1210,173.00590444839554,0
1211,173.99035620890785,0
1212,173.48567098836742,0
1213,172.34498490192234,2
1214,173.48424216854988,2
1215,174.03362270972295,2
1216,173.9372430375049,0
1217,174.36243794705476,0
1218,178.00856329561918,1
1219,175.54550377473782,1
1220,176.30444217870772,1
1221,174.94967660550702,1
1222,174.21713704921237,1
1223,174.93617822009543,1
1224,174.93610605863117,0
1225,174.39649860204247,0
1226,174.2222336984352,0
1227,174.69575711709362,0
1228,174.61792861568597,0
1229,175.40159780266598,0
1230,176.19839677797626,2
1231,176.5170707252695,2
1232,177.99213762264046,1
1233,178.14407343387268,1
1234,178.2159707914904,1
1235,178.2785077733975,1
1236,176.52685399097237,1
1237,175.47418171306438,1
1238,176.45700971900018,1
1239,176.8495886909678,1
1240,175.47525280694452,1
1241,176.23998271693375,1
1242,177.93618651319636,1
1243,177.93784584252927,0
1244,177.60396468929872,0
1245,177.93462454512152,0
1246,178.3178261549635,0
1247,178.2067277323597,0
1248,178.02051198769033,0
1249,178.21449687750751,0
1250,178.13482347053758,0
1251,178.63038146056155,0
1252,179.45878063290758,0
1253,180.5109908495046,0
1254,180.1097676187605,0
1255,179.29481909485312,0
1256,180.2702057921598,0
1257,180.26219439536268,0
1258,180.9594479603487,0
1259,181.10501471576603,0
1260,180.45348226049214,2
1261,181.10022991148068,2
1262,180.53838436304062,2
1263,181.13796773155246,0
1264,181.35406911888083,0
1265,181.7189829931374,0
1266,181.33561226537122,2
1267,181.4270345424751,2
1268,179.67928175039285,1
1269,177.44218004692343,1
1270,177.16989085837696,2
1271,177.41144158960498,0
1272,177.58396710479417,0
1273,178.15008983688702,0
1274,178.40476909878123,0
1275,178.61517694647625,0
1276,178.2668117997327,0
1277,178.85778379218988,0
1278,178.7513113063713,0
1279,178.026715316009,2
1280,179.29230345643907,2
1281,178.61697008509574,2
1282,180.051468797818,2
1283,179.21228073392254,1
1284,177.9022612120824,1
1285,176.17561339613917,1
1286,175.84103485838278,1
1287,176.461195537716,2
1288,176.32860333739723,2
1289,175.60022172209833,2
1290,175.55986406180867,0
1291,175.8384057655928,0
1292,176.14424688788347,0
1293,176.67301299279453,0
1294,177.7567128470132,0
1295,178.01883712595657,0
1296,177.70100873538757,0
1297,178.94476708509035,2
1298,178.18236464518577,2
1299,179.23998242545142,2
1300,179.008981143456,1
1301,178.44207650166032,1
1302,178.2346054758203,1
1303,176.3314104766334,1
1304,177.22261476875758,0
1305,177.0781732493385,0
1306,177.19540490141696,0
1307,177.06098768539113,0
1308,177.1091167831723,0
1309,176.1677735070175,0
1310,176.59987084890014,0
1311,176.3953664618341,0
1312,176.6727582716832,0
1313,177.04509404010878,0
1314,177.1188360437385,0
1315,177.38557270262046,0
1316,178.14109076355956,0
1317,178.0075014683731,0
1318,178.27968023793247,0
1319,178.55773766914143,2
1320,178.63490120100812,0
1321,178.35967742375595,0
1322,179.1363844442491,0
1323,177.56892113927574,1
1324,174.40913898823237,1
1325,173.98206615718362,1
1326,174.03658789418768,1
1327,174.32099575603502,0
1328,174.5210912455788,1
1329,173.12261117704696,1
1330,174.01494504459671,1
1331,174.52154647631204,2
1332,175.42496444658357,2
1333,175.65454245671623,2
1334,176.14180144646778,2
1335,175.26567758879946,1
1336,175.93912012644043,1
1337,174.3445694726218,1
1338,175.24567515977782,0
1339,175.34981703242912,0
1340,176.48922332216853,0
1341,179.04528766037132,1
1342,179.81734831424384,1
1343,178.85601677757288,1
1344,180.05444848515913,1
1345,179.79277150959686,1
1346,181.20451532534253,1
1347,179.69428625007086,1
1348,179.24637768399822,1
1349,178.09703493889296,1
1350,178.37275869440052,0
1351,179.40878290173066,0
1352,180.03300535953943,1
1353,179.83998108184846,1
1354,180.88261744978792,1
1355,179.87368310464032,2
1356,180.84013377418722,0
1357,180.7100823624497,1
1358,179.76679679710702,1
1359,179.69393788441613,2
1360,179.99921456659428,2
1361,180.60341851838638,0
1362,180.3514932952441,0
1363,180.11670197366314,0
1364,180.64686798703755,2
1365,180.0993553707627,2
1366,180.86664649493247,2
1367,181.68804986792648,2
1368,182.06017690617725,1
1369,181.72354642919473,1
1370,182.19862241644987,1
1371,181.9789836885059,1
1372,182.7760651574542,1
1373,179.60733623685286,1
1374,178.5026827459605,1
1375,177.5645645628392,1
1376,177.43201647626708,1
1377,178.7981039640623,1
1378,179.11896466986167,1
1379,179.21532980910777,2
1380,179.09852725276718,2
1381,177.9953810864799,2
1382,177.91446224080914,1
1383,178.5720439099865,2
1384,177.48129392871135,2
1385,178.42212296863448,2
1386,177.7070189467761,0
1387,177.90320458892282,0
1388,177.21101587816372,2
1389,177.30235319101587,2
1390,177.7817200178865,2
1391,178.80081161726125,2
1392,177.12973375397837,1
1393,177.8798187596648,1
1394,177.14221792140953,2
1395,177.08124848366256,2
1396,176.00064758366713,2
1397,175.30096098827312,2
1398,176.59224443569343,1
1399,177.75267150476247,1
1400,177.16150663576275,1
1401,176.54357891374337,1
1402,177.50871284068504,1
1403,178.76998417867134,1
1404,177.87762119712957,1
1405,177.62489739716162,1
1406,177.70043527087046,0
1407,178.53340958342878,0
1408,179.1983259049333,0
1409,179.48559117278063,0
1410,179.53784441991195,0
1411,179.46996418147532,0
1412,179.5675025809966,0
1413,178.67071002312366,2
1414,178.81281932623654,2
1415,178.44120601771843,2
1416,177.3283982906881,2
1417,178.58433344042447,2
1418,177.55823762224276,2
1419,176.4231303222935,2
1420,174.28071107698804,1
1421,172.62792669289865,1
1422,174.07815239167377,1
1423,176.05556187264668,1
1424,175.1306125385412,1
1425,174.7018985149409,1
1426,173.64272534256838,1
1427,173.8189772826622,2
1428,173.77831995399816,2
1429,174.1619026377236,2
1430,173.82914043168802,2
1431,174.21286569598908,2
1432,174.49091364728662,1
1433,174.084668359831,0
1434,174.86795440776942,0
1435,175.10840503623498,0
1436,175.5889837547078,0
1437,176.04988470374167,1
1438,177.73638948803898,1
1439,177.15849386071002,1
1440,177.90406490513035,1
1441,177.33352255734704,1
1442,177.04837361848334,0
1443,177.06878226467066,1
1444,177.9632313978293,1
1445,180.02651062780924,1
1446,179.54378927531232,1
1447,179.21568588817775,1
1448,178.94826648798406,1
1449,178.25226626090068,1
1450,177.91109057361425,1
1451,176.65877311738396,1
1452,176.41388344949667,1
1453,174.89427093673928,1
1454,174.76724489523914,1
1455,173.8026757739464,1
1456,172.43130523904244,1
1457,172.51823678679452,1
1458,173.50411876065283,1
1459,173.21989805894398,1
1460,173.93174285024452,1
1461,175.71680458836457,1
1462,175.51357681512238,1
1463,175.0883668039941,0
1464,175.8460430920924,0
1465,175.77226163673834,2
1466,175.11738257574606,2
1467,175.06156002103663,0
1468,175.90044348379104,0
1469,176.19109144706272,0
1470,175.5502378670625,0
1471,175.44749656645877,2
1472,175.78425612533078,2
1473,177.28362257298718,1
1474,177.5948712817148,2
1475,177.18374542702375,2
1476,177.82796866293992,2
1477,178.31590416079527,2
1478,178.44609409042903,2
1479,178.90074084344778,2
1480,178.51589501687087,2
1481,178.5052260342993,2
1482,178.1403239949479,2
1483,176.16652842490288,2
1484,176.7300527114461,2
1485,177.19322006483415,2
1486,177.39925102807538,2
1487,176.88178946327005,2
1488,177.35451439200676,2
1489,177.2568750362321,0
1490,177.29245314558,0
1491,177.32314815867934,0
1492,177.15694336288982,0
1493,177.20147598634898,0
1494,177.9320913209134,0
1495,178.20582200320857,0
1496,178.44261709585393,0
1497,177.45928564429965,0
1498,178.46388481668717,1
1499,179.9820799998186,1
1500,179.2870842134861,1
1501,177.26174273649823,1
1502,177.20925084213013,1
1503,179.3461162599832,1
1504,179.4411987684564,1
1505,180.19712420133655,1
1506,178.88688591075413,1
1507,179.42475168960053,1
1508,179.44744704954223,1
1509,178.33677907760028,1
1510,176.9588709120018,1
1511,175.2581217512076,1
1512,174.95146807312858,1
1513,174.7139259109158,0
1514,174.39130725176182,1
1515,174.46925664090625,1
1516,173.67477159578078,1
1517,171.86050859713848,1
1518,170.21004382999737,1
1519,171.03426687131653,1
1520,172.00475598201328,1
1521,171.84560151190533,0
1522,172.17005683906692,0
1523,172.04215809881674,0
1524,171.16261971063275,1
1525,171.15681854403383,1
1526,171.74478099181786,1
1527,171.5761592042038,1
1528,169.80725856714906,1
1529,169.7530975136812,1
1530,170.01983896355267,2
1531,169.00225908371047,2
1532,169.19625210655877,2
1533,169.67972961624105,2
1534,169.6058054218502,2
1535,169.7834338979729,2
1536,170.58757671175584,2
1537,170.11693331701818,2
1538,170.5740586873144,0
1539,170.56763691344287,0
1540,171.12521198623443,0
1541,171.53169332256482,0
1542,170.94667110608597,0
1543,170.79385841218505,1
1544,172.91624824182472,1
1545,173.88015732994825,1
1546,174.21123353053943,1
1547,174.5614895617742,1
1548,175.10260600417143,2
1549,174.59721589557674,1
1550,173.89239871862634,1
1551,174.01043162764768,2
1552,176.00429769800172,2
1553,177.61383027513358,2
1554,177.4078379461889,0
1555,177.87328426461238,0
1556,177.18015490523464,0
1557,177.55683145215514,0
1558,177.89129447337635,0
1559,178.39949630510947,0
1560,178.64385896299748,0
1561,178.1810717166933,0
1562,178.50830127739312,0
1563,178.47032935452998,0
1564,179.09985824214363,0
1565,178.92069497210005,0
1566,179.1258878108374,1
1567,177.82394840280588,1
1568,179.26833504202776,1
1569,179.80833160641976,1
1570,177.86602409377124,1
1571,177.4955850756543,1
1572,178.0627668601877,1
1573,177.69810546739797,1
1574,178.22562144491994,2
1575,178.99348737927704,2
1576,179.24513486059564,2
1577,179.33527914701617,0
1578,179.56894734860367,0
1579,179.02312395800385,1
1580,178.49793161533555,1
1581,180.42170849309193,1
1582,180.0696433734172,1
1583,180.34801816678348,0
1584,180.29140736647128,0
1585,180.72918334530772,0
1586,180.17289163942903,0
1587,180.63683946734866,0
1588,180.54582358297077,0
1589,180.47249313213104,0
1590,180.8488956419279,0
1591,180.26174434318352,0
1592,181.1961660198669,2
1593,180.62993348358873,1
1594,179.58699586194075,2
1595,179.39698668613616,2
1596,178.8014168953474,2
1597,178.82066231207747,2
1598,178.3483419080112,2
1599,178.53276720470612,2
1600,178.83157337000475,2
1601,179.84546635302706,2
1602,179.94792162656404,0
1603,180.46682640368957,1
1604,181.43335029514304,1
1605,181.90114727344832,1
1606,182.0242061855176,1
1607,180.5830322329403,1
1608,180.36170895336707,1
1609,180.32308896756143,2
1610,179.765469841773,2
1611,180.13485016023375,1
1612,181.47175775429008,1
1613,181.04218181779586,1
1614,183.3316467884866,1
1615,181.36090087897085,1
1616,178.7524656302936,1
1617,179.22762665980602,1
1618,180.1976437207048,2
1619,180.21910169064705,2
1620,180.45071258315693,2
1621,179.97874629963925,2
1622,179.50183165964222,2
1623,180.17708615262842,2
1624,179.16331496548122,2
1625,179.41455731200284,2
1626,179.8400226354436,2
1627,179.3079346101678,2
1628,178.05352954017383,2
1629,177.1962479515622,2
1630,177.41556524093238,2
1631,177.46048006441495,2
1632,176.81205732686695,2
1633,177.44164768776542,1
1634,177.63267578780727,2
1635,177.98575300786837,2
1636,177.55920906859703,2
1637,178.0984338938277,2
1638,178.1227234074779,1
1639,177.50147587712559,1
1640,177.52228222687677,1
1641,177.0418401093624,2
1642,176.94973033724196,2
1643,176.6813515126782,2
1644,176.7400802806396,2
1645,177.24656451603866,2
1646,177.4651210196638,2
1647,179.40588758964313,1
1648,178.38170925023667,1
1649,180.40311485080846,1
1650,180.13852846951335,2
1651,179.7064909524927,2
1652,179.7151241928005,0
1653,180.04785729507202,2
1654,180.07559723380987,1
1655,179.47141651746287,1
1656,179.81751260124216,2
1657,179.58958545641377,1
1658,178.37460983852213,1
1659,178.69489059650635,1
1660,177.25565583000818,1
1661,177.74565476105454,1
1662,177.23207657707525,2
1663,177.70657465549024,2
1664,176.99212641142964,2
1665,175.98920455062995,2
1666,176.29153195974834,2
1667,176.9316982388413,2
1668,177.46204284751855,1
1669,178.5750328362727,1
1670,178.6696987498031,1
1671,179.43899006180345,2
1672,179.04018148542858,2
1673,179.53899965755718,2
1674,178.7051810633245,1
1675,178.51419551057765,1
1676,177.76537531479974,1
1677,177.9714798948234,1
1678,178.1099829779053,1
1679,176.57771913581246,1
1680,175.18431412273696,1
1681,175.12641173072754,1
1682,174.90539887462418,1
1683,175.3020317980199,1
1684,176.69081141915888,1
1685,176.77611836172787,0
1686,177.1057877157901,0
1687,177.46865028438538,0
1688,177.15237288622473,2
1689,176.97279238336006,2
1690,176.85069098225807,2
1691,176.3264909800453,2
1692,176.75520940489986,2
1693,176.48200348730168,2
1694,177.20310608640736,2
1695,178.2943109171748,2
1696,177.21005359707033,2
1697,178.17101358272518,1
1698,179.1890983426362,1
1699,179.2566638862694,2
1700,179.8408541301888,2
1701,179.6204221065405,0
1702,179.01397546128175,0
1703,179.4408850718089,0
1704,179.55853729433383,0
1705,180.70090580147354,1
1706,181.50543798672538,1
1707,180.9259411988943,0
1708,180.8519699306366,0
1709,180.67743631328779,0
1710,180.7655639744098,0
1711,181.2338085958987,0
1712,181.3510247070369,0
1713,181.83219381755006,0
1714,182.12144903779054,2
1715,182.06173307753198,0
1716,182.15951001164177,0
1717,182.36575882846105,0
1718,181.78221797247195,1
1719,181.33443453429496,0
1720,181.40903284705752,0
1721,182.0399670205015,2
1722,182.6268607404763,2
1723,181.6845869865991,1
1724,181.96209433815835,0
1725,182.66405752101554,0
1726,183.34760590770915,0
1727,183.7159999710152,0
1728,183.0724713302606,0
1729,183.67115696069854,1
1730,182.25599589829864,1
1731,180.89524712945493,1
1732,181.47364164788542,1
1733,181.38094168209702,1
1734,180.2674128645747,1
1735,178.64887027731294,1
1736,179.5641643973995,1
1737,179.4174023040411,1
1738,180.1305826820313,1
1739,179.13630121419044,2
1740,179.96531405504302,0
1741,179.19289421456892,0
1742,178.92455746570695,1
1743,179.44293435257808,1
1744,182.272669541076,1
1745,181.7354029246319,1
1746,177.8968515571648,1
1747,177.711682252561,1
1748,175.8523412472029,1
1749,175.82199384737925,2
1750,176.23268944702497,2
1751,175.73076501926047,2
1752,175.3162833172179,2
1753,175.15457242229186,2
1754,175.13441182496848,0
1755,175.59366392869524,2
1756,176.14524302014757,1
1757,175.96375811667193,1
1758,175.91746581819547,0
1759,176.26777235053666,1
1760,175.29295910739293,1
1761,174.39578258422836,1
1762,172.9272612764692,1
1763,171.36037569520397,1
1764,170.16872344945898,1
1765,170.14396837504415,1
1766,170.10336949886837,0
1767,170.7371831276601,2
1768,171.34150776157463,0
1769,171.80749927466104,0
1770,171.74132008747335,0
1771,171.44325738237305,0
1772,171.7894008091559,1
1773,171.24609304196687,1
1774,171.8859652888448,1
1775,172.14675790001255,1
1776,172.37115102968966,1
1777,172.69929690278482,0
1778,172.08436556006245,0
1779,172.22171559248625,2
1780,172.16209140508334,2
1781,171.97264051868552,2
1782,172.28163986894145,2
1783,173.23092759076013,2
1784,172.42328399726844,2
1785,171.64981988751748,2
1786,172.0788356652749,2
1787,171.7256482177869,2
1788,171.72077423445992,2
1789,170.65138456675126,2
1790,170.82592596706908,2
1791,171.18698566162848,2
1792,169.6958296532688,1
1793,170.14112846773642,1
1794,171.02169914913648,1
1795,171.312683479708,2
1796,172.10838826022237,2
1797,172.21389332092528,2
1798,172.89698854997098,2
1799,171.9661374351666,2
1800,173.20164028326255,2
1801,173.11177423573065,2
1802,173.60608373485806,0
1803,174.62258417674894,0
1804,174.60215645517056,0
1805,174.66821812969908,0
1806,174.96383281123147,0
1807,174.70856619856366,0
1808,174.78776746570122,0
1809,174.68952239487393,0
1810,174.02516056306445,0
1811,173.26319669413385,0
1812,173.04823082538152,0
1813,173.15989170289126,0
1814,172.09741166676852,1
1815,174.37770190072297,1
1816,175.38310149423404,1
1817,174.17165465316995,1
1818,174.32527721665565,1
1819,174.1267191417639,2
1820,174.86902900713585,2
1821,173.8363001413208,2
1822,174.10501865680502,2
1823,175.01755080430755,2
1824,175.00242728350418,2
1825,175.2172840293204,2
1826,175.9328301780752,2
1827,175.6011797280602,2
1828,175.7866716782443,1
1829,177.55112492595117,1
1830,177.10948157592648,1
1831,179.45072153605966,1
1832,181.2632701962563,1
1833,181.49249230700553,2
1834,181.68661646850074,1
1835,181.64372080742552,1
1836,182.35435731651623,0
1837,182.25199087437204,0
1838,182.68184667807216,0
1839,183.0794908618154,0
1840,183.68856432248265,0
1841,183.96355230213175,0
1842,184.3727035435465,0
1843,184.43410159189264,2
1844,186.2033716278845,2
1845,186.14269058593754,1
1846,185.76482745920535,1
1847,187.60469341081034,1
1848,187.6484639014918,1
1849,188.8442015942265,1
1850,187.96660857032106,1
1851,187.4111201126648,1
1852,188.37236535610205,1
1853,186.9020545246872,1
1854,187.31029598635405,1
1855,187.31387065389973,1
1856,187.49859208443073,2
1857,186.56298934885683,1
1858,186.816288965417,1
1859,185.75675361402963,1
1860,184.69170779519004,1
1861,184.1830325142355,1
1862,184.7851151299896,2
1863,185.11699275303798,2
1864,184.3820688259684,2
1865,185.08969102483996,1
1866,184.00083233934586,1
1867,183.86146942489887,1
1868,183.26063917032127,1
1869,183.40961141708337,1
1870,181.77614979763152,1
1871,183.04740716962453,1
1872,182.1738106762772,1
1873,181.93976482756568,0
1874,181.16638567951165,0
1875,182.27513023609478,0
1876,182.74757327355363,0
1877,182.69344276854983,0
1878,183.6685299951208,0
1879,184.1208051797563,0
1880,184.5356020760421,0
1881,184.1980747611833,0
1882,184.3477095174334,0
1883,184.07747119155542,0
1884,184.05872524375232,0
1885,185.17381818607984,2
1886,185.29061294781957,2
1887,186.70538898239914,2
1888,187.09434395994546,2
1889,185.13656869396533,1
1890,184.04378264230996,2
1891,184.43782682074558,2
1892,183.31273030486423,2
1893,182.50105465936787,2
1894,182.20058942288003,2
1895,182.57903444280734,2
1896,182.461424786612,2
1897,182.19246260537474,2
1898,181.3285774944132,2
1899,182.9787894869537,1
1900,185.07171252127085,1
1901,185.82394938292703,1
1902,185.0851196807879,1
1903,185.36831112271184,0
1904,185.46916536812267,0
1905,186.20546528106365,0
1906,185.52820205593713,1
1907,185.082519078051,1
1908,185.2397344301459,1
1909,184.6862316174186,1
1910,184.88129101944978,2
1911,185.32354003704296,2
1912,185.42025890813946,2
1913,184.99516009023426,2
1914,183.61575321010258,2
1915,184.86135018904218,2
1916,185.59084015423932,1
1917,185.18393325872395,1
1918,185.45335198508738,1
1919,185.72489205058153,0
1920,185.46096326748784,1
1921,185.51053034021268,1
1922,183.5706171980827,1
1923,184.04710183456595,1
1924,184.87311170519556,1
1925,183.38355044009666,1
1926,183.25425634981497,2
1927,184.42271672633495,2
1928,184.00230162578987,2
1929,184.22589563692821,2
1930,184.4084806714485,0
1931,184.25685958986105,0
1932,184.01316065314978,0
1933,182.80544199443574,0
1934,182.61705215714593,0
1935,183.3457945171662,2
1936,182.181388613505,1
1937,180.91764661374052,1
1938,180.48969847441685,1
1939,180.57861732756894,1
1940,180.59248645045466,2
1941,180.258972828071,2
1942,180.09995349633652,2
1943,180.8218069847601,2
1944,180.58133218127543,2
1945,181.57722566456943,1
1946,181.45828759588707,1
1947,181.6297703248094,1
1948,181.53766099555168,0
1949,181.91270027666155,0
1950,182.03179208399152,2
1951,181.48945867079817,2
1952,180.89886310246553,2
1953,180.76158235687853,2
1954,179.84956534775378,2
1955,181.18086108752524,1
1956,180.1352640407008,1
1957,178.96211253670057,1
1958,178.5205667959109,1
1959,176.90543609071526,2
1960,176.5439996020328,0
1961,175.97936812545484,0
1962,175.87516293758202,0
1963,175.8057710317933,2
1964,176.2155634064297,2
1965,176.9845288511644,2
1966,176.81943588374966,2
1967,177.79852228285156,2
1968,177.7112408045376,0
1969,177.14964325123583,1
1970,177.6041958891133,1
1971,178.1699432056815,1
1972,176.62048397876922,1
1973,174.3571893747101,1
1974,175.16074714862165,1
1975,175.78992957777237,0
1976,175.70244845766854,0
1977,175.39288622072866,0
1978,175.30958262736868,0
1979,175.61940759567736,0
1980,176.02957720650727,0
1981,175.43078382849112,0
1982,174.8804568708214,0
1983,174.84205609271623,0
1984,175.5394427670933,0
1985,175.12706282502484,0
1986,175.2014210284149,0
1987,175.19194342191028,2
1988,174.4995889118391,2
1989,175.16599063603954,0
1990,175.27739150973994,0
1991,175.56213069461572,0
1992,175.87110202076178,0
1993,175.4949269158434,0
1994,175.65867336361472,0
1995,176.03735927443245,0
1996,175.76976866954897,2
1997,174.7207219115883,2
1998,175.6333701285173,1
1999,174.6561481209116,1
2000,176.263403904804,1
2001,174.00179152151046,1
2002,174.14524763519506,1
2003,174.71875534927284,1
2004,174.7476912884011,0
2005,174.75565343749116,0
2006,174.90155377913035,0
2007,175.57349714023852,0
2008,176.55426597466422,1
2009,175.45598936918475,1
2010,175.35344848230395,0
2011,174.7686791501612,0
2012,174.27564921484986,0
2013,174.55599532947582,0
2014,174.7566463794141,0
2015,175.76328957616045,2
2016,175.72677723323923,2
2017,175.7805242624851,2
2018,174.93686618815542,2
2019,175.49635668917534,2
2020,176.1245403422801,2
2021,175.68955605944976,2
2022,176.55556197744238,2
2023,175.62129733222827,2
2024,175.14672304095188,2
2025,175.03589235783085,2
2026,174.08248911244598,2
2027,175.2311428614841,2
2028,174.52264600849807,2
2029,174.73537206480685,2
2030,174.5044817313656,2
2031,174.1456150110013,2
2032,175.27963109677037,2
2033,175.3945028993314,0
2034,175.8195028643774,0
2035,176.27673394628613,0
2036,176.54801768638734,0
2037,176.99501259087293,0
2038,176.9261874750261,2
2039,176.12720732901712,1
2040,175.72277026751343,1
2041,175.64890477698592,0
2042,175.79482696829052,2
2043,175.38605748843727,2
2044,176.0370484968033,2
2045,175.80824641448172,2
2046,175.4269669585032,2
2047,175.69913786485006,2
2048,175.84144018699283,2
2049,176.59832399771082,2
2050,177.40954824290645,2
2051,178.12333419048818,2
2052,178.1006846856585,0
2053,178.9226605455693,2
2054,180.0854661556893,2
2055,180.57838723340313,2
2056,181.91738451292204,2
2057,181.57801162262692,0
2058,182.59953957330958,1
2059,182.9359135632458,0
2060,182.9162460885994,0
2061,182.41291405899514,0
2062,183.181485149162,0
2063,183.26097038724532,0
2064,183.36974089405095,0
2065,184.74932176324666,1
2066,184.95209151567425,2
2067,184.54217777202868,0
2068,185.5879130375506,0
2069,186.22627651311706,0
2070,185.690466141131,0
2071,185.77116624980502,2
2072,185.722228737837,0
2073,185.99748782376324,0
2074,185.8326283094142,0
2075,186.14948277849092,1
2076,185.15136650149898,1
2077,184.62847990169507,1
2078,185.35641357897583,1
2079,187.51885958757347,1
2080,187.8408175004754,1
2081,189.9467020259477,1
2082,189.90342317713746,1
2083,190.79672641823524,1
2084,190.34993639392474,1
2085,189.96692083237687,0
2086,189.86032527283524,0
2087,190.65701452977927,0
2088,188.65203557424397,1
2089,187.7720055786711,1
2090,188.68012107321425,1
2091,189.5185275311815,1
2092,190.6170361233203,1
2093,194.01667173824413,1
2094,194.9730035450535,1
2095,194.63365489092556,1
2096,195.24781047013244,1
2097,195.5935108938467,2
2098,196.28854852322314,2
2099,196.87564793359684,2
2100,198.42164619367398,2
2101,198.26673272739637,0
2102,199.422265269428,0
2103,200.69251717326964,0
2104,200.70391290534954,0
2105,201.21134138097622,0
2106,200.77453767340546,0
2107,200.34542443399184,2
2108,200.521355168833,2
2109,201.09096534995186,2
2110,200.37351435194932,2
2111,200.55084283604583,2
2112,199.84889691211006,2
2113,200.8706478987212,2
2114,201.85137889108222,1
2115,200.79744019594173,1
2116,201.28636915020098,2
2117,202.37773332507157,0
2118,201.87235153639043,1
2119,202.62793619609548,1
2120,200.67734134852438,1
2121,199.414241729605,1
2122,200.25569649861137,1
2123,199.90943848582202,1
2124,200.03471646558228,0
2125,201.19051336117687,0
2126,200.59839597149423,2
2127,199.61697181556318,2
2128,199.2119649162829,0
2129,199.80598824500484,0
2130,199.38908379309237,0
2131,199.58528976962916,2
2132,200.20063685201467,1
2133,197.70333975793838,1
2134,197.29659490895185,2
2135,197.17963956385114,2
2136,197.3854259946832,2
2137,196.8363807285712,0
2138,197.1337206308325,0
2139,197.18545990844737,0
2140,197.07929147097826,0
2141,197.0555649059969,0
2142,197.02604649456637,0
2143,196.72373177747028,0
2144,197.0739557171645,0
2145,197.83346424472776,0
2146,197.71560469742357,0
2147,198.6522402877279,0
2148,200.14380261179255,2
2149,201.1977223089102,2
2150,200.95972750356628,2
2151,201.48229107094187,2
2152,201.8521467371028,2
2153,202.62298925206804,1
2154,201.96370993311456,2
2155,203.01498060791758,2
2156,202.82010674903873,2
2157,201.1825247372376,2
2158,201.70916430951868,0
2159,202.15941724259864,0
2160,202.60785299052796,0
2161,202.7678626895489,0
2162,204.2517410772012,1
2163,202.98612138736596,1
2164,204.53378591324588,1
2165,204.59110457727198,1
2166,205.71288239453773,1
2167,203.5298134683645,1
2168,204.0878626396064,2
2169,205.7090701858518,2
2170,204.62956191019816,2
2171,203.31728507942054,2
2172,204.04635255593107,0
2173,204.68061665554106,0
2174,205.13223847953606,0
2175,204.976439062197,0
2176,204.5651535799001,0
2177,205.19616270543685,0
2178,205.45658962425713,0
2179,205.77481682399085,0
2180,205.79651224079214,0
2181,205.91849402807424,0
2182,205.81777144290072,0
2183,206.26089188472343,0
2184,206.20880827923295,2
2185,206.65751459973995,2
2186,203.68686049956264,1
2187,203.76437395308437,2
2188,204.2645285703024,2
2189,205.44259027112318,1
2190,205.93520778873213,1
2191,203.25128135615842,1
2192,203.02927809605504,1
2193,202.56902212388135,1
2194,203.2242413492902,1
2195,203.43308084436597,1
2196,200.76124620092253,1
2197,201.93139611264132,1
2198,203.10887957863153,1
2199,203.34861196323638,1
2200,204.0252832670994,2
2201,203.44278999081,2
2202,202.46451939068092,1
2203,203.4239527145329,2
2204,202.2264645454373,2
2205,201.68627253772468,2
2206,202.7042784413364,2
2207,202.67735522283743,2
2208,203.11498745496897,0
2209,202.73623548043523,0
2210,202.36265922159896,0
2211,201.1198233332174,1
2212,200.99607366067167,1
2213,198.949240395511,1
2214,199.87853718464544,1
2215,200.69649619958886,1
2216,201.4692888829466,1
2217,199.90447243462572,1
2218,200.09452319870553,1
2219,198.91226045401854,2
2220,200.1205751756001,2
2221,199.7767590052065,2
2222,198.44927250417405,2
2223,198.20084038087808,2
2224,196.5196473298114,1
2225,197.13080929526683,1
2226,196.80314974733622,1
2227,197.40479855411516,0
2228,197.60659145526924,0
2229,196.9623187311272,0
2230,197.099416319667,2
2231,197.39080824093722,2
2232,198.9821209676506,2
2233,198.65005354688128,2
2234,199.64544259720086,2
2235,199.94986616232075,2
2236,200.61738869957748,1
2237,199.19623287437247,2
2238,198.05730339674628,2
2239,197.49654418238612,2
2240,198.3880169154167,2
2241,197.31137957065891,2
2242,197.3285379976102,2
2243,197.8647621738777,2
2244,197.87074885437931,2
2245,198.31160981234282,1
2246,195.31454665927876,1
2247,194.50680961526368,1
2248,192.38736332952317,1
2249,193.8437465926315,1
2250,192.89510447147993,1
2251,192.79912538025897,1
2252,192.42678429081232,2
2253,190.97639068997617,2
2254,192.39314692517794,2
2255,191.94105632484246,0
2256,191.69440265489288,0
2257,192.2321983415278,0
2258,192.34065677040104,0
2259,192.34946915055056,0
2260,192.498264980094,0
2261,192.33847566913397,0
2262,192.0192187778943,0
2263,192.31765650133764,0
2264,191.86062948749623,2
2265,192.01242133120414,2
2266,193.34387319096993,2
2267,192.71217351008605,2
2268,192.97370687439545,2
2269,192.06878861093773,2
2270,192.0069246884471,2
2271,192.12372271841795,2
2272,191.32395246905625,2
2273,190.96576775908864,2
2274,191.31885827704562,2
2275,191.36850272461953,0
2276,191.39486282365095,0
2277,191.83665846762108,0
2278,192.3596046960415,0
2279,192.8960337162333,0
2280,193.44038680725714,0
2281,194.1061542966135,0
2282,194.82849150578457,0
2283,195.74326369762125,1
2284,194.42103862882635,1
2285,193.07095673596055,1
2286,193.18937394801662,0
2287,193.4878114646877,0
2288,193.33109024197205,0
2289,193.064033115511,0
2290,192.73770091256782,1
2291,192.51511301462213,0
2292,192.97510221359792,0
2293,194.14744631476356,2
2294,194.82947083724463,2
2295,193.3230226311022,2
2296,193.32242835790558,2
2297,192.46875058939625,2
2298,193.10417256518562,2
2299,192.81933244863282,2
2300,192.35345760903547,2
2301,192.61845005004474,2
2302,192.35984309078538,2
2303,192.46245005817073,2
2304,192.79128992428664,0
2305,193.1265327366912,0
2306,193.85724196580503,0
2307,193.91716598378576,0
2308,193.42683890108012,0
2309,193.29218300771592,0
2310,193.6453074363025,0
2311,193.59542277555582,0
2312,193.06292612346078,2
2313,194.82118870740308,1
2314,191.47528104493597,1
2315,192.26382280815616,1
2316,190.41934806324699,1
2317,191.0811831120253,1
2318,188.80070914278733,1
2319,189.79186972389664,1
2320,188.92306504830654,2
2321,188.9635100395024,2
2322,189.47484314338178,2
2323,189.42587094118807,2
2324,189.55689949705626,2
2325,189.44459137193425,2
2326,188.7560397908604,2
2327,189.35388453922113,2
2328,188.88360859927826,2
2329,188.76171049409797,2
2330,189.43423754846208,2
2331,190.10851484313966,0
2332,189.8742829059834,0
2333,189.98852482338282,0
2334,189.8557552308638,0
2335,190.10265633687186,0
2336,190.03175161583263,2
2337,190.27315493581614,2
2338,191.25678972429637,2
2339,192.29258521146286,2
2340,193.11692956159808,2
2341,193.16857806956477,2
2342,193.34172088852344,2
2343,194.26629229357152,2
2344,194.79029641185505,2
2345,194.09029741113392,2
2346,196.0529637674591,2
2347,197.18230595672182,2
2348,197.05150874810153,2
2349,196.93319947154086,2
2350,196.4197482247782,2
2351,196.63851735282367,2
2352,197.01935806796362,2
2353,197.1265602268086,2
2354,196.73178415743186,2
2355,196.87772787237236,2
2356,197.456520948929,2
2357,197.22012061768928,2
2358,196.94597292212697,1
2359,196.42474741362548,2
2360,194.9946291598544,1
2361,196.72693396222977,1
2362,195.74207960534628,1
2363,194.7581794840218,1
2364,193.19949064699287,1
2365,191.88192892078314,1
2366,192.72113815144505,1
2367,193.47222156012708,1
2368,193.91114982406458,1
2369,193.31228068799632,1
2370,195.44994761946342,1
2371,195.9250594970988,2
2372,195.67650020431844,2
2373,195.44256463313965,2
2374,195.03451314107033,2
2375,195.27535913484584,2
2376,194.8005823721323,2
2377,194.94829881464727,2
2378,196.09472934635036,2
2379,195.79039707022952,2
2380,195.64023242775505,0
2381,195.6620532696829,1
2382,195.6596019353757,0
2383,195.0007865151733,0
2384,195.28176455632112,0
2385,195.82130521341568,0
2386,195.6989768284941,0
2387,195.8781954174006,0
2388,197.01351103418423,0
2389,196.39666428856404,1
2390,194.30532427347188,1
2391,194.15789134976777,1
2392,194.19959897514792,2
2393,193.69006456199835,2
2394,193.12588289603653,2
2395,193.89199376438864,2
2396,193.83159582171714,2
2397,194.73972266939654,2
2398,195.37812847866417,2
2399,194.86670353542038,2
2400,193.8704284187227,2
2401,193.61117573410945,2
2402,193.90005887794496,2
2403,193.68752350783342,2
2404,193.98307067875717,2
2405,194.96234468422043,2
2406,194.56928284779926,0
2407,193.3168901040537,0
2408,192.74998555385008,0
2409,192.44870161287855,2
2410,192.5706463951835,2
2411,192.56815984537045,2
2412,193.8796041635919,2
2413,193.60039508957118,2
2414,193.0497352728029,2
2415,193.6138858421534,2
2416,193.36313647981638,0
2417,193.95404447085087,0
2418,193.7525792645307,0
2419,193.96372594526014,2
2420,193.93610500319718,2
2421,193.55212911863515,2
2422,192.9538987625508,2
2423,192.38505888331358,2
2424,193.81372829371162,2
2425,193.05019972414865,2
2426,194.88609359374698,2
2427,195.0931174037125,2
2428,195.99994909898913,2
2429,196.3913734040816,0
2430,195.63562443765343,0
2431,192.87587643050963,1
2432,192.9813677786761,1
2433,193.9218245193262,1
2434,192.2423286543352,1
2435,194.42506844549817,1
2436,193.5345663482868,1
2437,191.53037080586267,1
2438,191.5445046867343,0
2439,192.06451766041062,0
2440,192.26491750243022,0
2441,191.83085514107728,2
2442,191.87506450293446,2
2443,192.7562069131271,2
2444,192.30330389979517,2
2445,191.172260355604,2
2446,189.76961242182978,2
2447,189.2921964407162,2
2448,188.77132058656997,2
2449,188.60544706767365,2
2450,188.60712956293435,2
2451,188.8160866849652,2
2452,189.63472131302606,2
2453,189.12352805794796,2
2454,189.31261992032134,2
2455,188.45580923970053,2
2456,188.14540256246107,2
2457,188.64394089915842,2
2458,188.28520626207003,2
2459,187.50319234563963,2
2460,187.91357954264723,2
2461,188.98547826861872,2
2462,189.88950669499056,2
2463,188.55542970938086,1
2464,188.77400875206257,1
2465,188.2735891271446,1
2466,188.5866823098228,0
2467,189.77721094347447,0
2468,189.64515124177328,0
2469,189.7814481528776,0
2470,189.68448178698554,0
2471,190.26903564128187,0
2472,190.7889548161052,2
2473,190.61110915551026,2
2474,191.66490343864317,2
2475,192.7790639542163,1
2476,192.31284195020953,0
2477,192.84408661048155,1
2478,191.8590454097691,1
2479,193.883952712225,1
2480,195.77851870114708,1
2481,197.49527901385767,1
2482,195.75800706949042,1
2483,196.7432514857755,1
2484,196.68470734149201,0
2485,197.03752199158532,0
2486,196.8018401437053,2
2487,197.31480356662064,2
2488,197.102687904786,2
2489,196.90081692258147,2
2490,196.90666939923562,2
2491,197.37679523237574,2
2492,196.8028703470571,0
2493,199.01710497731492,0
2494,199.55489166369497,0
2495,199.82371032520044,0
2496,199.56332724467416,0
2497,199.74064129414575,0
2498,198.87219366357547,0
2499,200.0105767116914,0
2500,200.8871084797714,0
2501,201.87926221924627,0
2502,201.4132954695515,0
2503,201.27454334417598,2
2504,200.72002839139174,2
2505,200.9145964871703,2
2506,200.40848037950957,1
2507,199.22044195223037,2
2508,198.25416388888127,2
2509,200.37973707407735,2
2510,201.5669588169324,2
2511,203.04644951796706,2
2512,203.85582931463125,2
2513,203.63156537123226,1
2514,205.92169003549463,1
2515,202.68018505018895,1
2516,204.8324822509503,1
2517,203.49845548591765,0
2518,203.9407702495841,2
2519,203.64711842388868,2
